x,y,longitude,latitude,area
13692,2039,762573.899,3354392.56,16.5
13437,2027,762446.399,3354398.56,18.0
13426,2018,762440.899,3354403.06,12.0
13542,1982,762498.899,3354421.06,11.5
13636,1968,762545.899,3354428.06,12.0
14189,1966,762822.399,3354429.06,10.5
13561,1959,762508.399,3354432.56,14.0
14277,1956,762866.399,3354434.06,16.0
13903,1953,762679.399,3354435.56,25.0
14298,1938,762876.899,3354443.06,17.0
14281,1926,762868.399,3354449.06,14.0
13933,1897,762694.399,3354463.56,13.5
13810,1859,762632.899,3354482.56,18.0
13988,1851,762721.899,3354486.56,22.0
14088,1819,762771.899,3354502.56,14.0
13575,1805,762515.399,3354509.56,16.5
12829,1761,762142.399,3354531.56,16.5
13502,1694,762478.899,3354565.06,15.0
14037,1692,762746.399,3354566.06,22.5
13528,1683,762491.899,3354570.56,11.0
13658,1650,762556.899,3354587.06,21.0
14276,1495,762865.899,3354664.56,12.5
14132,1358,762793.899,3354733.06,18.0
13563,1299,762509.399,3354762.56,15.5
13126,1269,762290.899,3354777.56,13.0
12329,1174,761892.399,3354825.06,22.0
12450,1112,761952.899,3354856.06,13.0
13342,1037,762398.899,3354893.56,11.5
12838,1027,762146.899,3354898.56,25.0
12814,981,762134.899,3354921.56,10.5
13793,941,762624.399,3354941.56,12.5
12643,801,762049.399,3355011.56,10.5
13137,715,762296.399,3355054.56,11.0
13871,653,762663.399,3355085.56,14.5
13538,644,762496.899,3355090.06,11.5
13586,458,762520.899,3355183.06,11.5
14182,434,762818.899,3355195.06,18.0
13507,419,762481.399,3355202.56,11.5
13211,412,762333.399,3355206.06,10.5
12911,397,762183.399,3355213.56,11.0
13287,341,762371.399,3355241.56,11.0
12452,326,761953.899,3355249.06,11.0
13071,256,762263.399,3355284.06,14.5
13325,246,762390.399,3355289.06,14.5
13900,153,762677.899,3355335.56,10.5
13089,140,762272.399,3355342.06,11.0
13345,130,762400.399,3355347.06,13.0
18681,1388,765068.399,3354718.06,15.0
20429,1322,765942.399,3354751.06,11.5
20446,1320,765950.899,3354752.06,24.5
19955,1179,765705.399,3354822.56,23.0
19047,652,765251.399,3355086.06,17.5
18736,486,765095.899,3355169.06,20.5
18709,443,765082.399,3355190.56,14.0
18641,305,765048.399,3355259.56,13.5
18483,213,764969.399,3355305.56,14.0
18656,197,765055.899,3355313.56,11.0
8743,4086,760099.399,3353369.06,41.5
8780,4084,760117.899,3353370.06,27.5
8811,4055,760133.399,3353384.56,24.0
8846,4054,760150.899,3353385.06,19.0
8660,4052,760057.899,3353386.06,14.5
8646,4046,760050.899,3353389.06,27.0
9229,4042,760342.399,3353391.06,15.5
9356,4036,760405.899,3353394.06,16.5
8725,4018,760090.399,3353403.06,29.5
8703,4015,760079.399,3353404.56,10.5
9042,4010,760248.899,3353407.06,15.0
9281,4003,760368.399,3353410.56,32.5
8893,3966,760174.399,3353429.06,11.0
8820,3955,760137.899,3353434.56,11.0
9126,3934,760290.899,3353445.06,11.0
8811,3931,760133.399,3353446.56,12.5
9262,3923,760358.899,3353450.56,18.0
8718,3924,760086.899,3353450.06,37.0
8772,3920,760113.899,3353452.06,10.5
9082,3918,760268.899,3353453.06,17.0
9083,3909,760269.399,3353457.56,12.5
8734,3909,760094.899,3353457.56,16.0
8683,3903,760069.399,3353460.56,22.0
8977,3883,760216.399,3353470.56,59.5
9392,3879,760423.899,3353472.56,35.5
9056,3849,760255.899,3353487.56,16.0
8913,3845,760184.399,3353489.56,11.5
8854,3846,760154.899,3353489.06,35.0
8888,3841,760171.899,3353491.56,12.5
8719,3838,760087.399,3353493.06,32.0
8892,3828,760173.899,3353498.06,13.5
9230,3719,760342.899,3353552.56,11.5
9457,3658,760456.399,3353583.06,11.0
8879,3643,760167.399,3353590.56,18.5
9243,3583,760349.399,3353620.56,14.0
10041,3573,760748.399,3353625.56,11.5
8540,3500,759997.899,3353662.06,13.5
10235,2753,760845.399,3354035.56,26.5
9775,2555,760615.399,3354134.56,16.5
9679,2320,760567.399,3354252.06,18.0
9688,2318,760571.899,3354253.06,16.5
8330,2064,759892.899,3354380.06,10.5
8860,6140,760157.899,3352342.06,11.0
9203,6138,760329.399,3352343.06,15.0
8213,6139,759834.399,3352342.56,14.0
8193,6139,759824.399,3352342.56,12.5
8777,6139,760116.399,3352342.56,27.5
8199,6134,759827.399,3352345.06,17.5
9780,6130,760617.899,3352347.06,19.5
9741,6129,760598.399,3352347.56,17.5
10129,6128,760792.399,3352348.06,16.5
9261,6102,760358.399,3352361.06,31.0
10162,6101,760808.899,3352361.56,22.0
9081,6105,760268.399,3352359.56,51.5
8618,6100,760036.899,3352362.06,23.0
9165,6095,760310.399,3352364.56,31.5
9079,6093,760267.399,3352365.56,31.0
8380,6093,759917.899,3352365.56,33.5
8986,6092,760220.899,3352366.06,18.0
9456,6089,760455.899,3352367.56,19.5
9447,6087,760451.399,3352368.56,40.5
8978,6085,760216.899,3352369.56,22.5
9375,6085,760415.399,3352369.56,21.0
9393,6083,760424.399,3352370.56,18.0
9755,6077,760605.399,3352373.56,13.5
9434,6076,760444.899,3352374.06,11.5
9782,6074,760618.899,3352375.06,10.5
9014,6074,760234.899,3352375.06,19.5
8792,6073,760123.899,3352375.56,14.0
9215,6069,760335.399,3352377.56,13.5
9102,6066,760278.899,3352379.06,18.0
10020,6066,760737.899,3352379.06,15.5
9385,6065,760420.399,3352379.56,14.0
9279,6066,760367.399,3352379.06,39.5
8995,6063,760225.399,3352380.56,11.0
9157,6055,760306.399,3352384.56,10.5
8809,6055,760132.399,3352384.56,12.5
8405,6053,759930.399,3352385.56,21.5
9910,6052,760682.899,3352386.06,11.5
8757,6049,760106.399,3352387.56,14.5
9533,6048,760494.399,3352388.06,14.0
10186,6045,760820.899,3352389.56,10.5
9913,6046,760684.399,3352389.06,10.5
9831,6046,760643.399,3352389.06,37.5
9201,6045,760328.399,3352389.56,13.0
8827,6044,760141.399,3352390.06,18.0
8796,6043,760125.899,3352390.56,18.5
9431,6044,760443.399,3352390.06,24.5
9830,6038,760642.899,3352393.06,10.5
9098,6039,760276.899,3352392.56,15.5
8763,6039,760109.399,3352392.56,19.0
9710,6038,760582.899,3352393.06,10.5
8848,6038,760151.899,3352393.06,26.0
9539,6034,760497.399,3352395.06,14.0
8745,6034,760100.399,3352395.06,15.5
9861,6033,760658.399,3352395.56,35.5
9935,6030,760695.399,3352397.06,15.0
9770,6027,760612.899,3352398.56,10.5
8812,6028,760133.899,3352398.06,25.0
9721,6025,760588.399,3352399.56,11.5
9146,6025,760300.899,3352399.56,17.5
8894,6025,760174.899,3352399.56,14.5
8788,6026,760121.899,3352399.06,18.0
9126,6025,760290.899,3352399.56,18.0
9754,6024,760604.899,3352400.06,21.0
9890,6024,760672.899,3352400.06,19.5
9615,6021,760535.399,3352401.56,18.0
9847,6020,760651.399,3352402.06,24.5
9080,6018,760267.899,3352403.06,13.5
9904,6017,760679.899,3352403.56,12.5
9202,6019,760328.899,3352402.56,18.0
9111,6019,760283.399,3352402.56,40.5
9542,6016,760498.899,3352404.06,11.0
10184,6015,760819.899,3352404.56,22.0
9778,6015,760616.899,3352404.56,11.5
8801,6013,760128.399,3352405.56,11.0
8526,6013,759990.899,3352405.56,10.5
8816,6013,760135.899,3352405.56,20.0
10117,6012,760786.399,3352406.06,16.0
9948,6013,760701.899,3352405.56,37.0
9411,6010,760433.399,3352407.06,15.0
9060,6012,760257.899,3352406.06,24.5
9901,6010,760678.399,3352407.06,13.0
8974,6010,760214.899,3352407.06,20.5
9858,6010,760656.899,3352407.06,25.5
9969,6008,760712.399,3352408.06,44.0
8589,6007,760022.399,3352408.56,17.5
9885,6005,760670.399,3352409.56,26.5
10222,6000,760838.899,3352412.06,21.0
9748,6001,760601.899,3352411.56,16.5
8983,6001,760219.399,3352411.56,16.5
9864,5996,760659.899,3352414.06,22.5
9367,5994,760411.399,3352415.06,17.0
9022,5993,760238.899,3352415.56,14.5
8726,5993,760090.899,3352415.56,14.0
9193,5990,760324.399,3352417.06,12.0
9906,5989,760680.899,3352417.56,13.0
8703,5989,760079.399,3352417.56,13.5
8966,5987,760210.899,3352418.56,17.5
9105,5986,760280.399,3352419.06,12.0
9886,5985,760670.899,3352419.56,13.5
8721,5984,760088.399,3352420.06,12.5
9561,5981,760508.399,3352421.56,26.0
9247,5978,760351.399,3352423.06,12.0
9298,5977,760376.899,3352423.56,14.0
8726,5977,760090.899,3352423.56,15.0
9971,5977,760713.399,3352423.56,27.0
9763,5976,760609.399,3352424.06,16.0
8591,5975,760023.399,3352424.56,15.0
8424,5975,759939.899,3352424.56,16.5
9288,5973,760371.899,3352425.56,16.0
8759,5973,760107.399,3352425.56,13.0
9101,5972,760278.399,3352426.06,11.0
9862,5971,760658.899,3352426.56,16.0
9315,5970,760385.399,3352427.06,16.5
9156,5969,760305.899,3352427.56,11.0
9826,5969,760640.899,3352427.56,42.5
9556,5968,760505.899,3352428.06,27.0
8435,5965,759945.399,3352429.56,12.5
8714,5965,760084.899,3352429.56,14.0
10142,5961,760798.899,3352431.56,21.5
9688,5961,760571.899,3352431.56,15.0
9272,5964,760363.899,3352430.06,24.0
8461,5961,759958.399,3352431.56,12.5
9821,5960,760638.399,3352432.06,15.0
10056,5962,760755.899,3352431.06,28.5
9893,5959,760674.399,3352432.56,18.0
9918,5959,760686.899,3352432.56,22.5
10177,5956,760816.399,3352434.06,14.0
9078,5957,760266.899,3352433.56,27.0
8466,5955,759960.899,3352434.56,12.0
9549,5952,760502.399,3352436.06,13.0
10233,5949,760844.399,3352437.56,11.0
8636,5949,760045.899,3352437.56,15.0
9803,5949,760629.399,3352437.56,26.0
9579,5948,760517.399,3352438.06,12.5
9689,5946,760572.399,3352439.06,17.0
10014,5948,760734.899,3352438.06,33.0
9320,5945,760387.899,3352439.56,10.5
9173,5945,760314.399,3352439.56,18.5
10227,5940,760841.399,3352442.06,54.5
9749,5937,760602.399,3352443.56,11.5
9447,5937,760451.399,3352443.56,12.0
9399,5937,760427.399,3352443.56,23.5
9070,5936,760262.899,3352444.06,23.5
9438,5932,760446.899,3352446.06,11.0
9095,5932,760275.399,3352446.06,12.0
10049,5929,760752.399,3352447.56,12.5
10213,5926,760834.399,3352449.06,16.5
9975,5925,760715.399,3352449.56,17.5
9812,5927,760633.899,3352448.56,30.5
9806,5925,760630.899,3352449.56,20.5
9186,5919,760320.899,3352452.56,11.5
10082,5917,760768.899,3352453.56,12.0
9259,5918,760357.399,3352453.06,17.0
9222,5915,760338.899,3352454.56,10.5
8885,5908,760170.399,3352458.06,17.0
8483,5907,759969.399,3352458.56,21.0
10117,5906,760786.399,3352459.06,14.5
9908,5906,760681.899,3352459.06,19.5
10168,5905,760811.899,3352459.56,22.0
9796,5897,760625.899,3352463.56,26.0
9025,5896,760240.399,3352464.06,11.5
9089,5896,760272.399,3352464.06,42.0
9923,5891,760689.399,3352466.56,31.5
10220,5885,760837.899,3352469.56,19.5
9853,5885,760654.399,3352469.56,15.0
9604,5884,760529.899,3352470.06,11.5
9722,5883,760588.899,3352470.56,19.0
9532,5878,760493.899,3352473.06,22.5
10179,5875,760817.399,3352474.56,16.5
9665,5874,760560.399,3352475.06,11.5
9232,5874,760343.899,3352475.06,30.0
10086,5870,760770.899,3352477.06,12.0
8461,5869,759958.399,3352477.56,12.0
9839,5869,760647.399,3352477.56,15.0
8855,5867,760155.399,3352478.56,28.5
9504,5867,760479.899,3352478.56,12.5
9735,5867,760595.399,3352478.56,39.0
9765,5865,760610.399,3352479.56,11.5
9593,5865,760524.399,3352479.56,14.5
9061,5864,760258.399,3352480.06,15.5
9861,5863,760658.399,3352480.56,14.0
9144,5857,760299.899,3352483.56,12.5
9832,5854,760643.899,3352485.06,15.0
9659,5851,760557.399,3352486.56,13.5
9786,5848,760620.899,3352488.06,11.5
8462,5848,759958.899,3352488.06,10.5
8851,5841,760153.399,3352491.56,14.5
9156,5841,760305.899,3352491.56,14.5
9839,5839,760647.399,3352492.56,12.0
9375,5837,760415.399,3352493.56,11.0
9915,5836,760685.399,3352494.06,15.5
8521,5836,759988.399,3352494.06,19.5
9709,5835,760582.399,3352494.56,33.5
8516,5836,759985.899,3352494.06,32.5
8817,5831,760136.399,3352496.56,11.0
9417,5821,760436.399,3352501.56,13.5
9044,5822,760249.899,3352501.06,20.5
9822,5821,760638.899,3352501.56,11.0
9992,5819,760723.899,3352502.56,12.0
8531,5819,759993.399,3352502.56,16.0
8521,5819,759988.399,3352502.56,27.0
9174,5812,760314.899,3352506.06,11.0
9940,5811,760697.899,3352506.56,15.5
9310,5811,760382.899,3352506.56,38.0
9207,5807,760331.399,3352508.56,19.5
9878,5805,760666.899,3352509.56,15.0
10235,5803,760845.399,3352510.56,29.5
10064,5803,760759.899,3352510.56,12.5
9663,5793,760559.399,3352515.56,12.5
9121,5793,760288.399,3352515.56,14.0
9812,5793,760633.899,3352515.56,11.0
10010,5790,760732.899,3352517.06,12.0
10227,5789,760841.399,3352517.56,23.0
9326,5787,760390.899,3352518.56,11.0
8513,5783,759984.399,3352520.56,26.0
9705,5778,760580.399,3352523.06,30.5
8550,5783,760002.899,3352520.56,49.5
10065,5776,760760.399,3352524.06,13.0
9839,5771,760647.399,3352526.56,24.5
8558,5770,760006.899,3352527.06,24.5
10231,5765,760843.399,3352529.56,15.5
10221,5762,760838.399,3352531.06,15.5
9122,5762,760288.899,3352531.06,14.0
10232,5758,760843.899,3352533.06,15.0
9803,5757,760629.399,3352533.56,10.5
9731,5754,760593.399,3352535.06,34.0
9842,5753,760648.899,3352535.56,13.5
9038,5754,760246.899,3352535.06,15.0
9907,5751,760681.399,3352536.56,38.0
9891,5749,760673.399,3352537.56,28.0
9703,5738,760579.399,3352543.06,15.0
9818,5736,760636.899,3352544.06,11.5
8534,5736,759994.899,3352544.06,31.0
9748,5731,760601.899,3352546.56,16.0
9188,5732,760321.899,3352546.06,18.5
9404,5731,760429.899,3352546.56,42.0
9127,5731,760291.399,3352546.56,36.0
9839,5727,760647.399,3352548.56,17.5
8778,5725,760116.899,3352549.56,14.0
9471,5722,760463.399,3352551.06,11.5
9790,5721,760622.899,3352551.56,33.0
9178,5720,760316.899,3352552.06,18.0
9633,5718,760544.399,3352553.06,15.0
9482,5718,760468.899,3352553.06,13.5
9846,5716,760650.899,3352554.06,12.5
9834,5716,760644.899,3352554.06,17.5
9685,5714,760570.399,3352555.06,12.5
9956,5713,760705.899,3352555.56,16.0
9363,5708,760409.399,3352558.06,21.5
9227,5701,760341.399,3352561.56,36.0
9832,5696,760643.899,3352564.06,14.0
9153,5696,760304.399,3352564.06,31.5
10153,5689,760804.399,3352567.56,13.5
9970,5688,760712.899,3352568.06,15.0
9817,5686,760636.399,3352569.06,11.0
9150,5685,760302.899,3352569.56,15.0
9162,5685,760308.899,3352569.56,44.5
9103,5681,760279.399,3352571.56,11.0
8651,5677,760053.399,3352573.56,17.0
8519,5673,759987.399,3352575.56,11.5
10040,5672,760747.899,3352576.06,20.0
9100,5672,760277.899,3352576.06,11.0
9858,5669,760656.899,3352577.56,13.0
10108,5652,760781.899,3352586.06,15.0
8514,5650,759984.899,3352587.06,12.5
9201,5649,760328.399,3352587.56,18.0
9213,5648,760334.399,3352588.06,31.5
8617,5643,760036.399,3352590.56,12.0
10116,5641,760785.899,3352591.56,11.5
8664,5641,760059.899,3352591.56,13.5
9593,5638,760524.399,3352593.06,11.0
9281,5637,760368.399,3352593.56,13.5
8689,5631,760072.399,3352596.56,15.0
8524,5627,759989.899,3352598.56,11.5
8531,5627,759993.399,3352598.56,20.0
10105,5624,760780.399,3352600.06,19.0
9292,5620,760373.899,3352602.06,12.5
9166,5621,760310.899,3352601.56,17.5
10130,5625,760792.899,3352599.56,56.5
10172,5612,760813.899,3352606.06,15.0
9262,5612,760358.899,3352606.06,31.0
10134,5611,760794.899,3352606.56,24.5
10152,5608,760803.899,3352608.06,23.5
8706,5594,760080.899,3352615.06,22.0
10237,5590,760846.399,3352617.06,13.0
10176,5587,760815.899,3352618.56,22.0
10130,5581,760792.899,3352621.56,11.5
10126,5573,760790.899,3352625.56,24.0
8525,5570,759990.399,3352627.06,11.5
10132,5567,760793.899,3352628.56,11.0
10237,5554,760846.399,3352635.06,10.5
8212,5545,759833.899,3352639.56,14.5
8683,5545,760069.399,3352639.56,12.0
9320,5544,760387.899,3352640.06,24.0
9315,5539,760385.399,3352642.56,22.0
9985,5530,760720.399,3352647.06,18.0
8706,5528,760080.899,3352648.06,35.0
8824,5515,760139.899,3352654.56,25.0
9193,5484,760324.399,3352670.06,12.0
9195,5475,760325.399,3352674.56,11.0
9376,5473,760415.899,3352675.56,16.0
9397,5470,760426.399,3352677.06,17.5
9185,5469,760320.399,3352677.56,11.0
9095,5461,760275.399,3352681.56,16.5
9385,5459,760420.399,3352682.56,13.0
8433,5460,759944.399,3352682.06,12.0
8358,5459,759906.899,3352682.56,18.0
9112,5453,760283.899,3352685.56,18.5
8442,5452,759948.899,3352686.06,12.0
8415,5450,759935.399,3352687.06,19.5
9116,5448,760285.899,3352688.06,10.5
9521,5447,760488.399,3352688.56,22.0
8789,5450,760122.399,3352687.06,37.0
8367,5445,759911.399,3352689.56,10.5
8855,5445,760155.399,3352689.56,14.5
9055,5443,760255.399,3352690.56,14.0
9385,5443,760420.399,3352690.56,15.5
9084,5442,760269.899,3352691.06,17.5
8755,5444,760105.399,3352690.06,27.5
9372,5435,760413.899,3352694.56,13.0
8517,5429,759986.399,3352697.56,22.5
9441,5425,760448.399,3352699.56,23.5
8824,5422,760139.899,3352701.06,17.0
9479,5416,760467.399,3352704.06,17.5
9372,5415,760413.899,3352704.56,14.0
9314,5414,760384.899,3352705.06,11.0
9181,5413,760318.399,3352705.56,45.5
9466,5406,760460.899,3352709.06,14.0
8813,5407,760134.399,3352708.56,20.5
8438,5404,759946.899,3352710.06,10.5
8376,5403,759915.899,3352710.56,16.5
8426,5406,759940.899,3352709.06,89.5
8415,5400,759935.399,3352712.06,48.0
9452,5391,760453.899,3352716.56,28.0
8369,5383,759912.399,3352720.56,11.5
8412,5383,759933.899,3352720.56,19.0
9666,5379,760560.899,3352722.56,15.0
9488,5378,760471.899,3352723.06,14.0
9507,5375,760481.399,3352724.56,10.5
8777,5376,760116.399,3352724.06,11.5
8853,5375,760154.399,3352724.56,21.0
9456,5372,760455.899,3352726.06,14.5
9465,5369,760460.399,3352727.56,11.0
9190,5367,760322.899,3352728.56,26.0
9121,5366,760288.399,3352729.06,29.0
9524,5360,760489.899,3352732.06,13.0
9319,5360,760387.399,3352732.06,19.0
9138,5355,760296.899,3352734.56,17.0
9378,5349,760416.899,3352737.56,16.0
9176,5348,760315.899,3352738.06,10.5
9551,5344,760503.399,3352740.06,12.0
8930,5338,760192.899,3352743.06,14.0
9085,5336,760270.399,3352744.06,11.5
9491,5334,760473.399,3352745.06,18.5
9578,5327,760516.899,3352748.56,30.5
8847,5328,760151.399,3352748.06,22.5
9526,5321,760490.899,3352751.56,10.5
9089,5322,760272.399,3352751.06,25.0
9892,5318,760673.899,3352753.06,13.0
8820,5312,760137.899,3352756.06,16.5
9211,5310,760333.399,3352757.06,10.5
9236,5298,760345.899,3352763.06,24.5
8890,5297,760172.899,3352763.56,11.0
9405,5295,760430.399,3352764.56,18.0
9609,5281,760532.399,3352771.56,11.0
8377,5280,759916.399,3352772.06,48.0
8691,5275,760073.399,3352774.56,12.5
8256,5273,759855.899,3352775.56,12.0
9740,5267,760597.899,3352778.56,16.5
8444,5254,759949.899,3352785.06,28.0
8936,5253,760195.899,3352785.56,11.0
9519,5248,760487.399,3352788.06,14.5
9081,5248,760268.399,3352788.06,19.0
8660,5254,760057.899,3352785.06,160.5
9198,5242,760326.899,3352791.06,22.0
8931,5241,760193.399,3352791.56,22.5
8666,5233,760060.899,3352795.56,18.5
8364,5236,759909.899,3352794.06,29.5
8986,5229,760220.899,3352797.56,24.5
9190,5218,760322.899,3352803.06,15.0
8234,5215,759844.899,3352804.56,14.0
8670,5214,760062.899,3352805.06,17.5
8647,5214,760051.399,3352805.06,12.0
8989,5211,760222.399,3352806.56,12.5
9536,5204,760495.899,3352810.06,11.0
9260,5202,760357.899,3352811.06,15.5
10111,5199,760783.399,3352812.56,20.0
10233,5192,760844.399,3352816.06,11.5
9425,5185,760440.399,3352819.56,11.0
9772,5182,760613.899,3352821.06,14.0
8808,5179,760131.899,3352822.56,18.0
8775,5178,760115.399,3352823.06,13.5
10233,5173,760844.399,3352825.56,11.5
8821,5173,760138.399,3352825.56,21.5
8958,5171,760206.899,3352826.56,28.0
8990,5168,760222.899,3352828.06,33.5
9767,5161,760611.399,3352831.56,10.5
9643,5160,760549.399,3352832.06,16.5
9066,5152,760260.899,3352836.06,13.0
10150,5152,760802.899,3352836.06,19.0
8966,5139,760210.899,3352842.56,13.5
8514,5137,759984.899,3352843.56,13.0
8912,5117,760183.899,3352853.56,11.5
8976,5111,760215.899,3352856.56,23.0
8832,5104,760143.899,3352860.06,31.0
9314,5100,760384.899,3352862.06,14.0
9845,5099,760650.399,3352862.56,63.5
8819,5097,760137.399,3352863.56,29.5
8825,5088,760140.399,3352868.06,10.5
9176,5085,760315.899,3352869.56,24.5
9661,5083,760558.399,3352870.56,25.5
8488,5077,759971.899,3352873.56,24.5
9454,5073,760454.899,3352875.56,20.0
8555,5072,760005.399,3352876.06,18.5
8539,5074,759997.399,3352875.06,45.0
8367,5067,759911.399,3352878.56,14.5
8945,5065,760200.399,3352879.56,13.5
9576,5063,760515.899,3352880.56,16.0
8206,5063,759830.899,3352880.56,11.5
9499,5062,760477.399,3352881.06,11.5
8400,5063,759927.899,3352880.56,14.5
9635,5062,760545.399,3352881.06,13.5
10057,5058,760756.399,3352883.06,11.0
8930,5057,760192.899,3352883.56,10.5
9617,5049,760536.399,3352887.56,16.0
9207,5049,760331.399,3352887.56,11.5
8229,5052,759842.399,3352886.06,38.0
9975,5049,760715.399,3352887.56,20.5
9096,5045,760275.899,3352889.56,11.0
9058,5044,760256.899,3352890.06,12.5
9926,5042,760690.899,3352891.06,11.0
9880,5040,760667.899,3352892.06,18.0
9960,5040,760707.899,3352892.06,10.5
9209,5039,760332.399,3352892.56,11.0
8568,5037,760011.899,3352893.56,13.5
9199,5036,760327.399,3352894.06,26.5
9928,5032,760691.899,3352896.06,21.0
9976,5030,760715.899,3352897.06,10.5
8810,5029,760132.899,3352897.56,15.0
9750,5027,760602.899,3352898.56,12.0
9981,5018,760718.399,3352903.06,18.0
10157,5016,760806.399,3352904.06,13.0
9923,5016,760689.399,3352904.06,18.5
9604,5016,760529.899,3352904.06,24.5
9055,5014,760255.399,3352905.06,11.5
9203,5009,760329.399,3352907.56,12.5
8990,5006,760222.899,3352909.06,12.5
9101,5002,760278.399,3352911.06,14.0
8982,5000,760218.899,3352912.06,12.0
8373,4999,759914.399,3352912.56,20.0
8889,4998,760172.399,3352913.06,17.5
8355,4999,759905.399,3352912.56,36.5
8866,4996,760160.899,3352914.06,20.5
8335,4996,759895.399,3352914.06,10.5
8854,4996,760154.899,3352914.06,33.5
9185,4996,760320.399,3352914.06,17.5
8462,4992,759958.899,3352916.06,11.5
8285,4991,759870.399,3352916.56,13.5
9970,4984,760712.899,3352920.06,12.5
8452,4986,759953.899,3352919.06,34.0
9305,4984,760380.399,3352920.06,12.0
8362,4983,759908.899,3352920.56,15.5
10229,4980,760842.399,3352922.06,10.5
8857,4980,760156.399,3352922.06,11.0
8842,4980,760148.899,3352922.06,13.0
9860,4978,760657.899,3352923.06,16.0
9457,4976,760456.399,3352924.06,23.5
9361,4974,760408.399,3352925.06,11.0
8368,4976,759911.899,3352924.06,14.0
8949,4975,760202.399,3352924.56,36.5
9350,4968,760402.899,3352928.06,18.0
8552,4969,760003.899,3352927.56,32.5
8500,4969,759977.899,3352927.56,13.5
9997,4967,760726.399,3352928.56,17.0
9434,4964,760444.899,3352930.06,13.0
9803,4964,760629.399,3352930.06,33.0
8466,4961,759960.899,3352931.56,21.0
9946,4961,760700.899,3352931.56,27.0
8464,4951,759959.899,3352936.56,15.5
9488,4949,760471.899,3352937.56,11.5
8443,4949,759949.399,3352937.56,14.0
8377,4949,759916.399,3352937.56,12.5
8533,4948,759994.399,3352938.06,23.0
8438,4946,759946.899,3352939.06,17.0
8455,4942,759955.399,3352941.06,12.5
9962,4942,760708.899,3352941.06,13.0
8516,4941,759985.899,3352941.56,12.0
8274,4937,759864.899,3352943.56,19.0
8361,4935,759908.399,3352944.56,21.0
9380,4934,760417.899,3352945.06,15.0
8391,4933,759923.399,3352945.56,14.5
8803,4933,760129.399,3352945.56,21.5
8383,4933,759919.399,3352945.56,11.0
8531,4931,759993.399,3352946.56,21.5
8214,4931,759834.899,3352946.56,23.0
8419,4927,759937.399,3352948.56,19.0
9042,4925,760248.899,3352949.56,31.5
9968,4918,760711.899,3352953.06,20.5
8433,4916,759944.399,3352954.06,11.5
9957,4915,760706.399,3352954.56,53.5
9358,4911,760406.899,3352956.56,10.5
8533,4911,759994.399,3352956.56,31.0
8370,4912,759912.899,3352956.06,41.0
9242,4909,760348.899,3352957.56,15.5
9343,4899,760399.399,3352962.56,12.0
8563,4898,760009.399,3352963.06,20.5
8553,4896,760004.399,3352964.06,21.0
8402,4894,759928.899,3352965.06,16.0
9114,4893,760284.899,3352965.56,15.0
9348,4891,760401.899,3352966.56,14.0
8614,4892,760034.899,3352966.06,17.5
8578,4893,760016.899,3352965.56,16.0
8603,4890,760029.399,3352967.06,10.5
9082,4891,760268.899,3352966.56,27.5
8641,4886,760048.399,3352969.06,27.5
9290,4885,760372.899,3352969.56,15.0
8377,4885,759916.399,3352969.56,19.0
9741,4881,760598.399,3352971.56,17.5
9194,4879,760324.899,3352972.56,14.5
8367,4876,759911.399,3352974.06,10.5
8362,4873,759908.899,3352975.56,11.0
8311,4872,759883.399,3352976.06,16.0
8526,4872,759990.899,3352976.06,13.5
8736,4871,760095.899,3352976.56,16.5
9404,4869,760429.899,3352977.56,14.0
9211,4868,760333.399,3352978.06,11.5
8597,4867,760026.399,3352978.56,19.0
8350,4867,759902.899,3352978.56,16.0
9790,4861,760622.899,3352981.56,18.5
8516,4860,759985.899,3352982.06,21.5
8454,4858,759954.899,3352983.06,22.5
9314,4856,760384.899,3352984.06,15.0
9725,4853,760590.399,3352985.56,10.5
9205,4853,760330.399,3352985.56,17.0
8513,4853,759984.399,3352985.56,19.0
8525,4851,759990.399,3352986.56,16.0
8471,4847,759963.399,3352988.56,16.0
10101,4844,760778.399,3352990.06,15.5
9230,4842,760342.899,3352991.06,14.5
8458,4842,759956.899,3352991.06,20.0
9835,4843,760645.399,3352990.56,34.5
8472,4836,759963.899,3352994.06,11.5
9096,4836,760275.899,3352994.06,19.0
8446,4832,759950.899,3352996.06,17.5
9843,4832,760649.399,3352996.06,14.0
9863,4825,760659.399,3352999.56,16.0
8510,4823,759982.899,3353000.56,13.0
9795,4822,760625.399,3353001.06,22.0
8903,4822,760179.399,3353001.06,14.5
8467,4823,759961.399,3353000.56,21.5
9765,4809,760610.399,3353007.56,14.5
9874,4789,760664.899,3353017.56,11.5
9809,4789,760632.399,3353017.56,38.5
9522,4784,760488.899,3353020.06,13.0
8954,4782,760204.899,3353021.06,11.5
9545,4781,760500.399,3353021.56,17.0
9855,4780,760655.399,3353022.06,16.5
9668,4780,760561.899,3353022.06,22.0
9806,4779,760630.899,3353022.56,14.0
9861,4771,760658.399,3353026.56,21.5
9797,4763,760626.399,3353030.56,18.0
9561,4762,760508.399,3353031.06,32.0
9529,4762,760492.399,3353031.06,14.5
9593,4746,760524.399,3353039.06,17.5
9379,4690,760417.399,3353067.06,12.0
9482,4689,760468.899,3353067.56,23.0
8718,4672,760086.899,3353076.06,11.0
8404,4671,759929.899,3353076.56,16.0
8772,4670,760113.899,3353077.06,50.5
9541,4665,760498.399,3353079.56,15.0
8823,4664,760139.399,3353080.06,15.0
9278,4661,760366.899,3353081.56,21.0
9286,4661,760370.899,3353081.56,24.5
9487,4659,760471.399,3353082.56,17.0
9527,4658,760491.399,3353083.06,18.0
8437,4657,759946.399,3353083.56,14.5
8385,4657,759920.399,3353083.56,19.5
8848,4654,760151.899,3353085.06,12.5
8724,4653,760089.899,3353085.56,10.5
8669,4652,760062.399,3353086.06,43.5
8855,4646,760155.399,3353089.06,41.0
8566,4639,760010.899,3353092.56,21.0
8615,4632,760035.399,3353096.06,10.5
9481,4630,760468.399,3353097.06,12.5
8577,4631,760016.399,3353096.56,12.0
8428,4629,759941.899,3353097.56,12.0
8301,4628,759878.399,3353098.06,16.0
8853,4624,760154.399,3353100.06,12.0
8452,4625,759953.899,3353099.56,14.5
8592,4624,760023.899,3353100.06,17.0
10082,4621,760768.899,3353101.56,16.5
8957,4619,760206.399,3353102.56,11.0
8563,4617,760009.399,3353103.56,11.5
8944,4616,760199.899,3353104.06,15.0
8819,4615,760137.399,3353104.56,12.0
8475,4615,759965.399,3353104.56,25.5
10066,4611,760760.899,3353106.56,15.0
8465,4610,759960.399,3353107.06,17.0
8904,4605,760179.899,3353109.56,11.0
9050,4603,760252.899,3353110.56,12.0
8306,4601,759880.899,3353111.56,10.5
8769,4599,760112.399,3353112.56,14.0
8252,4603,759853.899,3353110.56,26.5
8284,4602,759869.899,3353111.06,39.5
8322,4599,759888.899,3353112.56,20.5
8350,4596,759902.899,3353114.06,13.5
8483,4600,759969.399,3353112.06,92.0
8363,4593,759909.399,3353115.56,13.0
8652,4594,760053.899,3353115.06,16.0
9025,4590,760240.399,3353117.06,14.5
8844,4590,760149.899,3353117.06,46.5
8375,4591,759915.399,3353116.56,44.0
8350,4589,759902.899,3353117.56,18.0
8299,4585,759877.399,3353119.56,11.0
9013,4584,760234.399,3353120.06,11.5
8289,4583,759872.399,3353120.56,12.0
8960,4579,760207.899,3353122.56,23.5
8322,4576,759888.899,3353124.06,31.5
8802,4573,760128.899,3353125.56,18.5
8283,4572,759869.399,3353126.06,14.0
9881,4572,760668.399,3353126.06,11.0
9110,4571,760282.899,3353126.56,25.5
8348,4570,759901.899,3353127.06,29.0
8774,4569,760114.899,3353127.56,14.0
10163,4568,760809.399,3353128.06,28.0
8920,4568,760187.899,3353128.06,27.5
9079,4564,760267.399,3353130.06,16.0
9096,4564,760275.899,3353130.06,33.5
8935,4561,760195.399,3353131.56,15.5
9848,4558,760651.899,3353133.06,17.0
9114,4557,760284.899,3353133.56,17.5
8218,4556,759836.899,3353134.06,22.5
8475,4551,759965.399,3353136.56,15.5
9119,4550,760287.399,3353137.06,24.5
8954,4550,760204.899,3353137.06,17.0
8326,4552,759890.899,3353136.06,39.0
10007,4547,760731.399,3353138.56,22.0
8718,4545,760086.899,3353139.56,25.5
9023,4538,760239.399,3353143.06,20.0
8907,4535,760181.399,3353144.56,18.5
8591,4533,760023.399,3353145.56,11.0
8970,4530,760212.899,3353147.06,42.5
8529,4528,759992.399,3353148.06,47.5
8289,4526,759872.399,3353149.06,16.5
9216,4522,760335.899,3353151.06,13.0
8434,4522,759944.899,3353151.06,31.5
9037,4522,760246.399,3353151.06,79.0
10022,4518,760738.899,3353153.06,17.5
8396,4510,759925.899,3353157.06,15.0
9169,4508,760312.399,3353158.06,15.5
8856,4512,760155.899,3353156.06,73.5
8778,4508,760116.899,3353158.06,11.5
8833,4511,760144.399,3353156.56,71.5
8427,4506,759941.399,3353159.06,14.0
8760,4501,760107.899,3353161.56,17.0
9489,4499,760472.399,3353162.56,16.5
9259,4497,760357.399,3353163.56,12.0
8476,4498,759965.899,3353163.06,19.5
9141,4493,760298.399,3353165.56,14.0
8858,4487,760156.899,3353168.56,19.5
9000,4486,760227.899,3353169.06,22.0
8880,4485,760167.899,3353169.56,31.0
8610,4486,760032.899,3353169.06,25.0
8821,4480,760138.399,3353172.06,23.0
9192,4479,760323.899,3353172.56,14.5
9205,4477,760330.399,3353173.56,19.5
8833,4477,760144.399,3353173.56,12.5
8971,4469,760213.399,3353177.56,14.0
8821,4468,760138.399,3353178.06,10.5
9180,4465,760317.899,3353179.56,11.0
9104,4463,760279.899,3353180.56,20.0
8359,4463,759907.399,3353180.56,28.0
9583,4462,760519.399,3353181.06,13.0
8536,4458,759995.899,3353183.06,24.0
8523,4459,759989.399,3353182.56,16.5
8493,4456,759974.399,3353184.06,11.0
8925,4459,760190.399,3353182.56,40.5
10159,4451,760807.399,3353186.56,10.5
8802,4454,760128.899,3353185.06,53.5
9685,4451,760570.399,3353186.56,11.5
8870,4451,760162.899,3353186.56,28.5
9599,4448,760527.399,3353188.06,16.5
8620,4445,760037.899,3353189.56,12.0
9477,4443,760466.399,3353190.56,11.0
8701,4443,760078.399,3353190.56,20.0
8953,4442,760204.399,3353191.06,23.5
9318,4441,760386.899,3353191.56,36.5
9157,4440,760306.399,3353192.06,18.5
8782,4435,760118.899,3353194.56,11.5
9605,4430,760530.399,3353197.06,15.0
9577,4430,760516.399,3353197.06,15.5
9097,4426,760276.399,3353199.06,17.0
8435,4424,759945.399,3353200.06,16.0
9244,4421,760349.899,3353201.56,20.5
8571,4421,760013.399,3353201.56,14.5
8532,4423,759993.899,3353200.56,12.0
8561,4423,760008.399,3353200.56,48.0
9123,4420,760289.399,3353202.06,16.5
9357,4421,760406.399,3353201.56,45.0
8551,4419,760003.399,3353202.56,26.5
8213,4420,759834.399,3353202.06,27.0
8328,4418,759891.899,3353203.06,10.5
9328,4417,760391.899,3353203.56,24.0
9227,4413,760341.399,3353205.56,13.5
8927,4419,760191.399,3353202.56,71.0
8373,4415,759914.399,3353204.56,22.0
9301,4414,760378.399,3353205.06,25.0
8498,4412,759976.899,3353206.06,11.5
8548,4408,760001.899,3353208.06,28.0
9280,4405,760367.899,3353209.56,18.0
8453,4402,759954.399,3353211.06,15.5
8539,4401,759997.399,3353211.56,11.5
9475,4402,760465.399,3353211.06,18.0
9187,4402,760321.399,3353211.06,25.5
8390,4399,759922.899,3353212.56,30.0
8864,4396,760159.899,3353214.06,12.0
9326,4395,760390.899,3353214.56,12.0
8545,4396,760000.399,3353214.06,14.5
9202,4393,760328.899,3353215.56,12.5
8934,4394,760194.899,3353215.06,27.5
8911,4396,760183.399,3353214.06,46.5
9386,4393,760420.899,3353215.56,38.5
9496,4390,760475.899,3353217.06,14.0
9193,4391,760324.399,3353216.56,12.0
9664,4389,760559.899,3353217.56,11.5
8493,4389,759974.399,3353217.56,15.0
9249,4388,760352.399,3353218.06,25.5
8975,4388,760215.399,3353218.06,29.5
10185,4389,760820.399,3353217.56,20.0
9207,4387,760331.399,3353218.56,16.0
9744,4387,760599.899,3353218.56,20.0
9221,4386,760338.399,3353219.06,24.0
9309,4385,760382.399,3353219.56,14.0
9403,4383,760429.399,3353220.56,22.5
9628,4382,760541.899,3353221.06,10.5
9294,4383,760374.899,3353220.56,13.5
9281,4383,760368.399,3353220.56,28.0
8876,4381,760165.899,3353221.56,11.0
8501,4381,759978.399,3353221.56,17.0
8429,4380,759942.399,3353222.06,15.0
8479,4378,759967.399,3353223.06,13.5
9825,4377,760640.399,3353223.56,12.0
9291,4374,760373.399,3353225.06,11.0
8927,4377,760191.399,3353223.56,40.5
9318,4374,760386.899,3353225.06,13.5
9428,4365,760441.899,3353229.56,21.0
9191,4363,760323.399,3353230.56,16.0
9224,4361,760339.899,3353231.56,18.0
9375,4357,760415.399,3353233.56,16.5
8464,4360,759959.899,3353232.06,21.0
8737,4361,760096.399,3353231.56,82.5
10215,4352,760835.399,3353236.06,10.5
9144,4348,760299.899,3353238.06,11.5
9280,4342,760367.899,3353241.06,11.0
9753,4342,760604.399,3353241.06,34.5
8893,4342,760174.399,3353241.06,34.0
8596,4346,760025.899,3353239.06,101.5
9202,4333,760328.899,3353245.56,14.5
9285,4332,760370.399,3353246.06,17.0
9222,4330,760338.899,3353247.06,19.0
8787,4330,760121.399,3353247.06,20.5
8771,4331,760113.399,3353246.56,25.5
9615,4328,760535.399,3353248.06,10.5
9608,4327,760531.899,3353248.56,19.0
9238,4325,760346.899,3353249.56,11.0
8886,4328,760170.899,3353248.06,55.5
8662,4324,760058.899,3353250.06,21.5
8950,4322,760202.899,3353251.06,10.5
8967,4322,760211.399,3353251.06,11.5
8669,4319,760062.399,3353252.56,22.5
8437,4318,759946.399,3353253.06,14.0
9621,4317,760538.399,3353253.56,15.5
8930,4318,760192.899,3353253.06,10.5
8459,4314,759957.399,3353255.06,10.5
8451,4316,759953.399,3353254.06,36.0
9344,4310,760399.899,3353257.06,20.5
9870,4309,760662.899,3353257.56,14.5
9450,4309,760452.899,3353257.56,13.0
8628,4310,760041.899,3353257.06,51.5
8964,4303,760209.899,3353260.56,13.0
9349,4301,760402.399,3353261.56,11.5
8539,4303,759997.399,3353260.56,31.0
8487,4304,759971.399,3353260.06,29.0
8988,4299,760221.899,3353262.56,18.5
8614,4298,760034.899,3353263.06,39.0
8554,4301,760004.899,3353261.56,94.0
9773,4293,760614.399,3353265.56,11.0
9920,4291,760687.899,3353266.56,24.0
8535,4292,759995.399,3353266.06,24.5
9568,4289,760511.899,3353267.56,20.0
8496,4288,759975.899,3353268.06,26.0
9260,4285,760357.899,3353269.56,11.0
9413,4283,760434.399,3353270.56,13.0
9008,4290,760231.899,3353267.06,111.5
8610,4277,760032.899,3353273.56,39.0
9271,4274,760363.399,3353275.06,11.0
9257,4272,760356.399,3353276.06,12.0
9659,4270,760557.399,3353277.06,31.0
9402,4270,760428.899,3353277.06,24.5
9477,4265,760466.399,3353279.56,12.5
9412,4262,760433.899,3353281.06,23.0
8744,4263,760099.899,3353280.56,74.5
8466,4261,759960.899,3353281.56,33.0
9721,4259,760588.399,3353282.56,14.0
8499,4259,759977.399,3353282.56,23.0
8459,4257,759957.399,3353283.56,10.5
8582,4253,760018.899,3353285.56,14.5
9873,4253,760664.399,3353285.56,20.0
8758,4251,760106.899,3353286.56,11.0
8511,4253,759983.399,3353285.56,40.5
8959,4252,760207.399,3353286.06,47.0
9109,4246,760282.399,3353289.06,11.0
9406,4244,760430.899,3353290.06,15.5
8949,4246,760202.399,3353289.06,28.5
9913,4243,760684.399,3353290.56,13.5
8983,4245,760219.399,3353289.56,22.0
8994,4245,760224.899,3353289.56,55.0
9312,4241,760383.899,3353291.56,15.5
9384,4240,760419.899,3353292.06,48.0
8681,4236,760068.399,3353294.06,14.5
9655,4230,760555.399,3353297.06,18.5
9348,4229,760401.899,3353297.56,11.0
8625,4230,760040.399,3353297.06,27.5
8598,4233,760026.899,3353295.56,55.5
9870,4228,760662.899,3353298.06,12.5
9808,4226,760631.899,3353299.06,21.0
8924,4227,760189.899,3353298.56,14.5
8688,4224,760071.899,3353300.06,11.0
8506,4225,759980.899,3353299.56,29.5
9392,4222,760423.899,3353301.06,25.0
8712,4226,760083.899,3353299.06,81.0
9404,4221,760429.899,3353301.56,27.5
8613,4220,760034.399,3353302.06,14.5
8383,4220,759919.399,3353302.06,22.5
9444,4218,760449.899,3353303.06,11.0
9006,4218,760230.899,3353303.06,19.5
8631,4219,760043.399,3353302.56,92.5
8544,4217,759999.899,3353303.56,40.5
9908,4214,760681.899,3353305.06,16.0
8655,4219,760055.399,3353302.56,63.5
8718,4215,760086.899,3353304.56,46.5
8651,4213,760053.399,3353305.56,16.5
9926,4211,760690.899,3353306.56,15.0
9391,4206,760423.399,3353309.06,16.0
9304,4205,760379.899,3353309.56,11.5
9875,4207,760665.399,3353308.56,57.5
8508,4207,759981.899,3353308.56,49.5
8728,4203,760091.899,3353310.56,27.5
9313,4201,760384.399,3353311.56,19.5
9180,4203,760317.899,3353310.56,30.5
9238,4198,760346.899,3353313.06,12.5
8525,4197,759990.399,3353313.56,14.5
9221,4198,760338.399,3353313.06,43.0
9388,4197,760421.899,3353313.56,27.0
8667,4193,760061.399,3353315.56,16.0
9953,4194,760704.399,3353315.06,26.0
9988,4191,760721.899,3353316.56,16.5
9455,4190,760455.399,3353317.06,11.0
8617,4195,760036.399,3353314.56,72.0
8726,4190,760090.899,3353317.06,11.0
9483,4182,760469.399,3353321.06,14.0
8474,4181,759964.899,3353321.56,14.0
9665,4181,760560.399,3353321.56,16.5
9053,4178,760254.399,3353323.06,46.0
9500,4172,760477.899,3353326.06,11.0
9679,4169,760567.399,3353327.56,14.5
9942,4169,760698.899,3353327.56,20.5
9432,4165,760443.899,3353329.56,13.5
9362,4164,760408.899,3353330.06,11.0
8531,4162,759993.399,3353331.06,12.5
9473,4162,760464.399,3353331.06,17.5
9762,4160,760608.899,3353332.06,11.5
9084,4155,760269.899,3353334.56,11.0
9949,4150,760702.399,3353337.06,11.0
8550,4150,760002.899,3353337.06,18.0
9341,4149,760398.399,3353337.56,20.5
8569,4151,760012.399,3353336.56,31.0
9303,4145,760379.399,3353339.56,18.5
8765,4146,760110.399,3353339.06,11.0
8498,4143,759976.899,3353340.56,27.5
9029,4139,760242.399,3353342.56,23.5
8536,4136,759995.899,3353344.06,20.5
8605,4133,760030.399,3353345.56,28.0
9444,4131,760449.899,3353346.56,34.5
8529,4129,759992.399,3353347.56,11.0
9364,4128,760409.899,3353348.06,45.0
8738,4128,760096.899,3353348.06,10.5
9013,4121,760234.399,3353351.56,16.5
9383,4116,760419.399,3353354.06,13.0
8676,4116,760065.899,3353354.06,41.0
9476,4113,760465.899,3353355.56,11.0
9369,4113,760412.399,3353355.56,20.0
8922,4108,760188.899,3353358.06,26.0
8852,4112,760153.899,3353356.06,53.0
8687,4108,760071.399,3353358.06,39.5
8642,4107,760048.899,3353358.56,26.5
8468,4105,759961.899,3353359.56,44.0
8782,4102,760118.899,3353361.06,23.0
8749,4103,760102.399,3353360.56,44.0
8831,4105,760143.399,3353359.56,90.0
8736,4106,760095.899,3353359.06,61.0
9663,4100,760559.399,3353362.06,12.0
8608,4098,760031.899,3353363.06,10.5
9776,4097,760615.899,3353363.56,17.0
3284,11374,757369.899,3349725.06,14.0
2562,11315,757008.899,3349754.56,13.5
3068,11278,757261.899,3349773.06,25.5
2804,11277,757129.899,3349773.56,19.0
3109,11194,757282.399,3349815.06,14.0
3069,11122,757262.399,3349851.06,15.0
3812,11008,757633.899,3349908.06,13.0
3958,10900,757706.899,3349962.06,12.5
3773,10594,757614.399,3350115.06,13.0
5085,11330,758270.399,3349747.06,14.0
6064,11069,758759.899,3349877.56,18.5
5620,10934,758537.899,3349945.06,11.5
5744,10817,758599.899,3350003.56,11.0
5863,10410,758659.399,3350207.06,11.0
22972,10845,767213.899,3349989.56,16.0
22881,10416,767168.399,3350204.06,26.0
22867,10414,767161.399,3350205.06,11.5
